"Mode","Steps","Run","TimeMs","CRC32","TransferStatus"
"plain","1","1","2172","f2bb1ca0","OK"
"plain","1","2","2175","f2bb1ca0","OK"
"plain","1","3","2170","f2bb1ca0","OK"
"plain","2","1","2549","a9451b02","OK"
"plain","2","2","2555","a9451b02","OK"
"plain","2","3","2555","a9451b02","OK"
"plain","4","1","3468","bde6bba1","OK"
"plain","4","2","3472","bde6bba1","OK"
"plain","4","3","3467","bde6bba1","OK"
"plain","8","1","5356","e93799d5","OK"
"plain","8","2","5360","e93799d5","OK"
"plain","8","3","5360","e93799d5","OK"
"cfg4","1","1","2583","fbbd9970","OK"
"cfg4","1","2","2581","fbbd9970","OK"
"cfg4","1","3","2582","fbbd9970","OK"
"cfg4","2","1","3531","31c70032","OK"
"cfg4","2","2","3534","31c70032","OK"
"cfg4","2","3","3534","31c70032","OK"
"cfg4","4","1","5441","82e03d24","OK"
"cfg4","4","2","5434","82e03d24","OK"
"cfg4","4","3","5435","82e03d24","OK"
"cfg4","8","1","9209","ddc2cf3d","OK"
"cfg4","8","2","9208","ddc2cf3d","OK"
"cfg4","8","3","9215","ddc2cf3d","OK"
