block4_multiplier,block5_multiplier,velocity_mse,velocity_relative_rmse,velocity_cosine,early_velocity_mse,block4_clip_percent,block5_clip_percent,block4_local_relative_rmse,block5_local_relative_rmse
1.5,1.25,0.003767086196271358,0.07474481993378182,0.9971963956839005,0.004097465159628632,0.11182149251302083,0.15192667643229166,0.028833302965664456,0.027378311673721442
1.5,1.3,0.0037329024381239292,0.0744049177493603,0.9972049776763083,0.003958534739830596,0.11182149251302083,0.10996500651041667,0.028833302965664456,0.02154697068734179
1.5,1.35,0.003724009435457694,0.07431623639486566,0.9972006052951543,0.003888597996115721,0.11182149251302083,0.037053426106770836,0.028833302965664456,0.020026522116047753
1.5,1.4,0.003719300685450304,0.07426923768657497,0.9972034626813209,0.0038632037763560007,0.11182149251302083,0.0015513102213541667,0.028833302965664456,0.020532209903717374
1.5,1.45,0.00372682939268698,0.07434436856711864,0.9971981801856029,0.0038749897359948806,0.11182149251302083,0.00010172526041666667,0.028833302965664456,0.021250100292408633
1.65,1.25,0.003766058730172021,0.0747346259798995,0.9971846654059907,0.004013707140189124,0.0091552734375,0.15271504720052084,0.023598773869729164,0.027516440900823554
1.65,1.3,0.0037394685763391324,0.07447032775279824,0.9971879546446277,0.003883778393195156,0.0091552734375,0.1113128662109375,0.023598773869729164,0.02162077810575603
1.65,1.35,0.003725267423281923,0.07432878752131042,0.9971915327370383,0.00381192191475934,0.0091552734375,0.037816365559895836,0.023598773869729164,0.020052854218341177
1.65,1.4,0.0037212793655286448,0.07428899079791566,0.997191491515755,0.003799941530888004,0.0091552734375,0.0015004475911458333,0.023598773869729164,0.02053943455983435
1.65,1.45,0.003720989158180286,0.07428609399425502,0.9971907267816028,0.0037925146523498797,0.0091552734375,0.00010172526041666667,0.023598773869729164,0.02126148951040652
1.8,1.25,0.0037582607588243127,0.07465721342466644,0.9971926572522105,0.0040083412829834885,0.0,0.152587890625,0.02565441766452133,0.027517726901537188
1.8,1.3,0.003734003877371575,0.07441589398750226,0.9971911764833422,0.003873306798781049,0.0,0.11156717936197917,0.02565441766452133,0.02161451843777083
1.8,1.35,0.003719547374801971,0.07427170066656136,0.9971963233618324,0.0038071379202953095,0.0,0.037790934244791664,0.02565441766452133,0.020049137348831687
1.8,1.4,0.0037182179242791725,0.07425842628584584,0.9971937838759587,0.0037897387587375836,0.0,0.0016021728515625,0.02565441766452133,0.020541449590908888
1.8,1.45,0.003727004597347203,0.07434611607490313,0.997186329722574,0.0037957500384728808,0.0,0.00012715657552083334,0.02565441766452133,0.021268171264209997
2.0,1.25,0.003780790228326613,0.07488065111503159,0.9971713735919132,0.0040195565369058476,0.0,0.152740478515625,0.02851596956737485,0.027525477399156322
2.0,1.3,0.003745636409070777,0.07453171766319987,0.9971812705554205,0.0038812167818787708,0.0,0.11156717936197917,0.02851596956737485,0.021618194666022588
2.0,1.35,0.003741368308846161,0.07448924163536948,0.9971767410279864,0.003814878523778758,0.0,0.0377655029296875,0.02851596956737485,0.02004985846356138
2.0,1.4,0.0037344190564736084,0.07442003097641357,0.9971780565295201,0.0037928625586244502,0.0,0.0014750162760416667,0.02851596956737485,0.02054112671749222
2.0,1.45,0.0037374589098063396,0.07445031412848592,0.9971767619687208,0.0037967277209859096,0.0,0.00010172526041666667,0.02851596956737485,0.021263096891989002
2.25,1.25,0.0037782732324670647,0.07485572171452866,0.997173478229222,0.004007254342107073,0.0,0.15268961588541666,0.03209145215796299,0.027523543470704098
2.25,1.3,0.003752107584384211,0.07459607250479226,0.9971761321299546,0.0038819498364758725,0.0,0.11164347330729167,0.03209145215796299,0.021621760541957743
2.25,1.35,0.003740318285989545,0.07447878812098227,0.99717717024125,0.0038063557906651132,0.0,0.037587483723958336,0.03209145215796299,0.020052954574989686
2.25,1.4,0.0037433698859298584,0.07450916429614872,0.99717387802449,0.003793280238925129,0.0,0.0015513102213541667,0.03209145215796299,0.02054399521133774
2.25,1.45,0.003743370422444224,0.07450916963562047,0.9971712805749146,0.00378868208393195,0.0,0.00010172526041666667,0.03209145215796299,0.021269419345493017
