time_index,time,path,mse,relative_rmse,cosine
0,1.0,plain,0.007217065325626655,0.08508903816904641,0.9975910581497018
0,1.0,cfg_conditional,0.007353309854691195,0.08567716698109869,0.9975501425433292
0,1.0,cfg_null,0.0072818237190701626,0.08588531017851127,0.9976700105245545
1,0.875,plain,0.010872491099461368,0.11601995698816925,0.9948580605601242
1,0.875,cfg_conditional,0.010729868985041621,0.11599850830199011,0.9948173046694672
1,0.875,cfg_null,0.010701556463533083,0.11644664166072714,0.9947858136531285
2,0.75,plain,0.00482930826165823,0.08010787303038776,0.9968210939018055
2,0.75,cfg_conditional,0.005005770138465914,0.08133584273367346,0.9967117075698873
2,0.75,cfg_null,0.005105900361656065,0.08275133887267788,0.996623907306209
3,0.625,plain,0.003739689540707073,0.0746082420556378,0.997195234277863
3,0.625,cfg_conditional,0.0039674230971758866,0.0756652868766845,0.9971352203029327
3,0.625,cfg_null,0.004026038153582987,0.07663569423484319,0.9970650398071713
4,0.5,plain,0.0035077463222825873,0.07667516014001803,0.9970265217325925
4,0.5,cfg_conditional,0.003759920246700047,0.07757816401866904,0.9969988834697341
4,0.5,cfg_null,0.003846544630859987,0.07877888008403305,0.9969124909934678
5,0.375,plain,0.003521845687131832,0.08146618701545871,0.9966450889342969
5,0.375,cfg_conditional,0.0037988475805480356,0.08212341744481995,0.9966130310920922
5,0.375,cfg_null,0.003706808296622029,0.08133526609596667,0.996680353866785
6,0.25,plain,0.0033265166621011004,0.08333706836667906,0.996488617579306
6,0.25,cfg_conditional,0.003456722412219638,0.0816878864889486,0.996645421537707
6,0.25,cfg_null,0.003428780093607374,0.08144288182541952,0.9966608165753847
7,0.125,plain,0.002586579800871302,0.07447924021784279,0.9972169317731641
7,0.125,cfg_conditional,0.002721408024447705,0.07294843156604257,0.9973202817913513
7,0.125,cfg_null,0.002680088314243047,0.07245641696135352,0.9973531690784554
