boundary,values,reference_rms,error_rms,relative_rmse,mean_absolute_error,cosine,clipped_percent,mean_grid_utilization_percent,maximum_grid_magnitude
block.5.attn.q_pre,3932160,1.7914291591679514,0.7106487073203371,0.3966937256120167,0.04313094928521434,0.9221620995221196,0.10370890299479167,9.817609611771552,127.0
block.3.attn.q_pre,3932160,1.8857150297395782,0.46062017506633635,0.24426817827821476,0.043247807515281934,0.972467471182968,0.2130889892578125,9.541806598973713,127.0
block.7.attn.q_pre,3932160,1.3720001497434082,0.2496713333040683,0.18197617059353957,0.03361112346474477,0.9852135747710601,0.161285400390625,6.455234517575562,127.0
block.2.attn.q_pre,3932160,1.7633905401798202,0.3175289791753003,0.1800673032661957,0.0400403183620029,0.9854028556163755,0.19012451171875,7.779950920365301,127.0
block.4.attn.input,3932160,1.1960928588968454,0.17272298231626632,0.14440599743699536,0.0226007929857473,0.9904695511261621,0.2843983968098958,10.237390312935737,127.0
block.6.attn.q_pre,3932160,1.4261841960099926,0.15068086408067333,0.10565315791763098,0.030895135239710807,0.9947592901415541,0.11952718098958333,6.589138201215449,127.0
block.5.attn.input,3932160,0.9774494587540622,0.08131594382217283,0.08319196772160972,0.01588983277272487,0.9968283346753116,0.274658203125,10.682275927285822,127.0
block.0.attn.q_pre,3932160,1.0872142540889114,0.08715254538377813,0.0801613343975261,0.013572778937687217,0.9969404403963803,0.4440816243489583,16.60132140312295,127.0
block.1.attn.softmax,7864320,0.030546001599529783,0.0021501374522126466,0.07039014403265614,0.0017977772031367919,0.9975308127504559,0.0,1.5327901164377769,69.0
block.1.attn.input,3932160,0.6949036130996793,0.0488745524583796,0.07033285125741441,0.008123687419127666,0.9975571644846664,0.1276397705078125,13.039291862427719,127.0
block.4.attn.softmax,7864320,0.03483758920503356,0.0020710742649786163,0.059449414044969964,0.0016893746494804256,0.9982368040945935,0.0,1.5284907223358555,125.0
block.0.mlp.activation_output,15728640,0.33900614491589737,0.0198834730841691,0.058652249767041566,0.003331366327670571,0.9983085822841777,0.04505157470703125,3.6688346061806665,127.0
block.3.attn.input,3932160,0.8931053481028046,0.045405707966020246,0.05084025984445637,0.01110402900874341,0.9987729740102262,0.22893269856770834,13.809705518987862,127.0
block.3.mlp.activation_output,15728640,0.6258587364455369,0.022429009302415228,0.035837175382095236,0.007922602864267455,0.9993581784115293,0.00514984130859375,2.502365362612907,127.0
block.0.attn.input,3932160,0.5852905017979743,0.020696504777360243,0.035361080888519345,0.006574754298409025,0.9993911624769101,0.1985931396484375,12.601319961347604,127.0
block.1.mlp.activation_output,15728640,0.38175196696904745,0.013313493684401961,0.034874721904134744,0.0034844266297243726,0.9993935967415041,0.013974507649739584,2.971635853524596,127.0
block.0.mlp.input,3932160,0.5762901476192411,0.019675999998793194,0.03414252365770664,0.008285143861787587,0.9994327169736739,0.12364705403645833,8.937556149139805,127.0
block.7.attn.input,3932160,0.7126124007254134,0.022874856906021035,0.03209999837602498,0.00898987789193042,0.9994967557668941,0.1863861083984375,11.58945659327069,127.0
block.6.attn.input,3932160,0.7518662759324639,0.023679482854053982,0.031494274463483164,0.0106832799380751,0.9995281369403076,0.17659505208333334,10.253443279917159,127.0
block.7.mlp.input,3932160,0.7566621370059453,0.023610043668801893,0.031202887674841303,0.015682694057067147,0.9995362420609245,0.1616668701171875,5.388128125448552,127.0
block.2.mlp.activation_output,15728640,0.5014290046977523,0.015612913074861238,0.031136836777665614,0.00523468222378991,0.9995202676729832,0.007050832112630208,2.592378451129583,127.0
block.0.attn.k_pre,3932160,1.282602440833489,0.03802299605226019,0.029645192338439062,0.010688189405882603,0.9995698581615237,0.3074137369791667,20.492528680115548,127.0
block.4.attn.q_pre,3932160,1.8714193197805904,0.05403042565050278,0.028871362542542005,0.017186200575427614,0.9995882415198359,0.1369476318359375,17.497867974709337,127.0
block.0.attn.v,3932160,0.673389851488728,0.018780201941841778,0.02788904807567648,0.005091324385525568,0.9996157506478861,0.22852579752604166,23.160847140735214,127.0
block.4.mlp.activation_output,15728640,0.7772694528213758,0.020939962970987845,0.026940416730618713,0.010794089983933578,0.9996373024567098,0.003954569498697917,3.4321224783349225,127.0
block.0.attn.softmax,7864320,0.0644320473383453,0.001733570348626149,0.026905405310541065,0.0011943507174821389,0.999638218496405,0.0,1.540034436804103,123.0
block.2.mlp.input,3932160,0.6282275077932226,0.016607570221008238,0.026435598592850097,0.007275879242096188,0.9996519947450345,0.043309529622395836,12.712279192105992,127.0
block.1.attn.q_pre,3932160,1.3023762580580776,0.03389430766884031,0.02602497355056118,0.011671176988965774,0.9996652320469988,0.135345458984375,17.836536797951524,127.0
block.4.attn.k_pre,3932160,2.2618706555811285,0.05847428209826446,0.025852177689285695,0.017590001221025466,0.999669801595467,0.22478739420572916,21.43364533351788,127.0
embed.z,983040,0.757403039745955,0.01880205907733231,0.02482437763075102,0.005653981356651235,0.9996949963120928,0.18971761067708334,22.936509500338335,127.0
block.6.mlp.activation_output,15728640,0.972085991190967,0.023300290060741788,0.023969371302424654,0.01394459011893153,0.9997127247940175,0.0022761027018229165,4.203159953039775,127.0
block.5.mlp.activation_output,15728640,0.9826664935677173,0.023392846261092563,0.023805478678896787,0.013206195110230823,0.9997215145508904,0.004088083902994792,4.084385548989604,127.0
block.5.mlp.activation_input,15728640,0.9362555798734234,0.02148607852747894,0.022948945767974745,0.010068352285623855,0.9997372986791582,0.028940836588541668,14.5909362953166,127.0
block.5.attn.softmax,7864320,0.0681119612366271,0.001539274490472824,0.02259918026916367,0.0009737117604183293,0.9997447364114704,0.0,1.5379734990477876,127.0
block.2.mlp.activation_input,15728640,0.9968323676823344,0.021797857497629653,0.021867124507915343,0.010109194085785663,0.9997614856270723,0.03452936808268229,14.736662036164851,127.0
block.3.attn.k_post,3932160,1.9755257657087226,0.04242499351880224,0.02147529242858658,0.016254597495846686,0.9997727693441321,0.17659505208333334,18.769591524219262,127.0
block.2.attn.softmax,7864320,0.07428944976035948,0.0015540599972600382,0.020918986508489095,0.0009952351658014448,0.9997812545173798,0.0,1.5371859292658607,126.0
block.6.mlp.input,3932160,0.6767631103577423,0.014097756099386393,0.020831153299614998,0.012208863672417088,0.9997830950869717,0.0,6.833163684434465,116.0
block.2.attn.k_pre,3932160,1.589641405597998,0.03259728145097432,0.020506059628405147,0.028233192693019916,0.9997898157996901,0.0,8.578741719403604,81.0
block.7.attn.k_post,3932160,2.3753114704319827,0.04869699328027507,0.020501308517412605,0.01893766110495913,0.9997921380568766,0.137786865234375,19.219546380631254,127.0
block.2.attn.input,3932160,0.7711775420538464,0.01572708874264444,0.020393603139374508,0.00825338827824168,0.9997928307788476,0.044708251953125,13.715102228279815,127.0
block.7.attn.softmax,7864320,0.08239949709883848,0.0016151234865739255,0.019601132815611474,0.0010339436497408458,0.9998079862447387,0.0,1.5425294090130823,127.0
block.4.attn.v,3932160,1.1746269985433662,0.022965587720535974,0.0195513875885836,0.011594671758204262,0.9998094794907817,0.043131510416666664,15.687675776444083,127.0
block.4.mlp.input,3932160,0.6105836870027713,0.011852453652169454,0.01941167755455553,0.0071625082703574705,0.999811637328155,0.008799235026041666,12.405983231511955,127.0
block.0.mlp.activation_input,15728640,0.8437798697633789,0.016171484087764868,0.01916552488067751,0.0090828882104206,0.9998173602937331,0.07091522216796875,12.980351735913535,127.0
block.3.attn.softmax,7864320,0.0778684911866665,0.0014884149543604088,0.01911447020069231,0.0009055973954507305,0.9998173590167383,0.0,1.5405373560787812,127.0
block.6.attn.k_pre,3932160,1.654384086567897,0.03122005243411305,0.018871102960667747,0.027035359018174235,0.9998219866819557,0.0,8.969391750225558,112.0
block.6.mlp.activation_input,15728640,0.8323314728756694,0.01564415447162615,0.01879558202644467,0.008629455758656125,0.9998239742200069,0.044161478678385414,15.34400654590036,127.0
block.7.mlp.activation_output,15728640,1.117172615925857,0.020877986242989897,0.018688236665814855,0.013840642356974442,0.9998262378297296,0.002994537353515625,5.21726272863353,127.0
block.5.mlp.input,3932160,0.6985880929031213,0.013050606575472875,0.018681404261041,0.01130094890526265,0.9998255489132791,0.0,8.081065100321933,123.0
block.5.attn.k_post,3932160,2.1937518619570557,0.040515421331185054,0.018468552452892768,0.017941794243522224,0.9998314620121251,0.17552693684895834,18.539862044527148,127.0
block.1.mlp.input,3932160,0.5709086237040999,0.010317366835892594,0.018071835680030037,0.008537605757614197,0.9998366910453714,0.008977254231770834,9.004764707069697,127.0
block.6.attn.softmax,7864320,0.08170157415921434,0.0014117863159156172,0.01727979332643489,0.0008255125295755137,0.9998507334559947,0.0,1.5396855071460793,127.0
block.7.attn.k_pre,3932160,1.7623658001796034,0.029196782970175923,0.01656681204730622,0.02528967609846737,0.9998627957408471,0.0,9.95433116522361,121.0
block.1.attn.v,3932160,0.8503897317451501,0.013746369418436096,0.016164787632402516,0.006763989181354531,0.9998698175520422,0.0701141357421875,19.954527607114297,127.0
block.6.attn.k_post,3932160,2.1915917298120955,0.034781965397276335,0.01587064092464818,0.016215585258125033,0.9998755707988519,0.22333780924479166,20.705197752304276,127.0
block.3.attn.v,3932160,0.8723462385601136,0.01370930180788409,0.01571543637364968,0.008617357482406935,0.9998766165201902,0.023600260416666668,15.56700518750769,127.0
final.input,3932160,0.47290272989929105,0.007424231846049509,0.015699278893210378,0.006332931231439594,0.9998767730378979,0.00213623046875,10.511305200772023,127.0
block.3.mlp.input,3932160,0.6444494195529664,0.009936807051123708,0.015419064320077358,0.007770928910020173,0.9998811256459208,0.010655721028645834,12.07392975414206,127.0
block.3.attn.k_pre,3932160,1.8353607936043501,0.027955813222340545,0.015231780759269611,0.02421023061905053,0.9998840173226574,0.0,11.271706528550997,122.0
block.5.attn.k_pre,3932160,2.1252672974691604,0.03235450688882687,0.015223735351951118,0.022300647335961325,0.9998842236925443,0.025736490885416668,14.246804545244833,127.0
block.7.mlp.activation_input,15728640,0.866889299084808,0.012896621050670673,0.014876894967195797,0.007418965973548701,0.9998894705274493,0.030377705891927082,18.591537475585938,127.0
block.6.attn.output,3932160,0.6256735285425193,0.008542958731000286,0.013654019774339433,0.007274217561348286,0.9999067843273525,0.0055694580078125,12.686088341740486,127.0
block.6.attn.v,3932160,0.7753775485231906,0.010525761636209028,0.013575014721869026,0.00840016530367768,0.9999078558985751,0.008214314778645834,13.964050573313957,127.0
block.2.attn.v,3932160,0.7866058559184496,0.01045049803961408,0.013285558403848857,0.006996993259640257,0.9999117896478227,0.022150675455729168,17.420652294409244,127.0
block.5.attn.output,3932160,0.7456249313246364,0.009880902460812992,0.013251840229187512,0.008125664451793031,0.9999121905252228,0.007502237955729167,13.495328407587968,127.0
block.3.mlp.activation_input,15728640,0.9735484644874626,0.012886054173840259,0.013236171227104028,0.010033551468529326,0.9999124054450672,0.013453165690104166,14.522286763028523,127.0
block.3.attn.output,3932160,0.5761709613680644,0.007586488569131266,0.013167079005713605,0.005676026130800131,0.9999133200971873,0.011418660481770834,15.427480181996904,127.0
block.1.attn.q_post,3932160,1.102938775584267,0.014386222296187539,0.013043536608427454,0.009099046130208184,0.9999152057087057,0.08036295572916667,18.33735969122939,127.0
block.0.attn.k_post,3932160,1.7166038367857113,0.02207999531440877,0.01286260396327256,0.013973739086810136,0.9999177253954588,0.1202392578125,17.579456239234744,127.0
block.4.mlp.activation_input,15728640,0.870155075334563,0.011174790558290263,0.012842297741001747,0.009003022996260967,0.9999175352008742,0.009682973225911459,14.776982134721411,127.0
block.7.attn.v,3932160,0.7443747946666865,0.009494477920993448,0.012754969659128304,0.007266301192648779,0.9999186578795353,0.010325113932291666,15.76360607397525,127.0
block.7.attn.output,3932160,0.564399700817169,0.007194982717602721,0.012748027164411018,0.006085717901253443,0.999918746866105,0.004145304361979167,13.72136834412422,127.0
block.1.mlp.activation_input,15728640,0.7879533549020107,0.010001816212388331,0.012693411545448842,0.0066559948679539,0.9999195016833939,0.031674702962239586,18.1227984891476,127.0
block.0.attn.output,3932160,0.41157868487926014,0.005126524016680694,0.01245575683343417,0.003169532131317082,0.9999225584194671,0.0548553466796875,20.386683146158855,127.0
block.1.attn.output,3932160,0.294488988421625,0.0036660658362843972,0.012448906344286215,0.0029671344970771396,0.9999225110972528,0.0119781494140625,14.770080686554195,127.0
block.5.attn.v,3932160,0.9587153760326711,0.011871899987760335,0.012383132976221052,0.009784126013146687,0.9999233261836318,0.007044474283854167,14.753905769408219,127.0
block.2.attn.output,3932160,0.5141450554365368,0.0063178157903837516,0.01228800262412246,0.005062113045080891,0.9999244997174972,0.005747477213541667,15.33901504957144,127.0
block.0.attn.q_post,3932160,1.5123749718122061,0.01816693931659891,0.012012192515213566,0.013622246553057474,0.9999278857350736,0.032018025716145836,16.5585084850081,127.0
block.4.attn.output,3932160,0.648336784717559,0.007655581551874992,0.011808032078898724,0.0065426175401728645,0.9999302863900758,0.0035349527994791665,15.168735574236692,127.0
block.2.attn.q_post,3932160,1.5624890882428293,0.017436537861572392,0.011159462163784755,0.01357414246031965,0.9999377374598971,0.019073486328125,16.736077135942114,127.0
block.2.attn.k_post,3932160,1.7440164810885839,0.01917023289447599,0.010992002141235656,0.013828777090171229,0.9999397137377537,0.088653564453125,18.27851343029753,127.0
block.5.attn.q_post,3932160,1.9481633206796676,0.020836486199242926,0.010695451442938354,0.016766832615770492,0.999942802665952,0.0113677978515625,17.572893357965263,127.0
block.3.attn.q_post,3932160,1.70623780672086,0.01763916323166764,0.010338045002980878,0.014839064320383955,0.9999465628135372,0.005162556966145833,17.068637837888062,127.0
block.7.attn.q_post,3932160,2.070586264336635,0.020530619870636778,0.009915365625790184,0.017292785585534414,0.9999508445312153,0.0020853678385416665,17.373343239931923,127.0
block.1.attn.k_pre,3932160,1.2857846610596046,0.01269918484543622,0.009876603159172022,0.010807196964563262,0.9999512257017577,0.008951822916666666,18.23975470435275,127.0
block.4.attn.k_post,3932160,1.5635046153083265,0.015262883536713985,0.00976196896847926,0.01151130714822936,0.9999523725577427,0.044225056966145836,21.00794714579745,127.0
block.1.attn.k_post,3932160,1.1047065236566131,0.010553412543139478,0.00955313679890959,0.008911987912380443,0.9999543681604521,0.011469523111979166,18.91117706699321,127.0
block.6.attn.q_post,3932160,1.9002259136716477,0.01801439130407318,0.009480131375150799,0.014960536349096287,0.9999550632317774,0.005442301432291667,18.652629501863416,127.0
block.4.attn.q_post,3932160,1.5070006687613409,0.013396840781036095,0.008889737780970894,0.011356473942481671,0.9999604866718758,0.005340576171875,20.451076237235483,127.0
