component,repaired_mse,mse_recovery_percent,repaired_relative_rmse,repaired_cosine
block.4.attn,0.003723144187734009,26.257368559814147,0.07430760246268181,0.9973587014163504
block.5.attn,0.003997945942077864,20.814494615673706,0.0770010735144906,0.9971862676493479
block.4.attn.input,0.0040802809372261955,19.183722640240696,0.0777899252839879,0.9971322676598448
block.5.attn.input,0.004337971688955653,14.079758578645924,0.08020873700711033,0.9969565039187951
block.7.mlp,0.0045255215727546625,10.365042935022801,0.08192428145116044,0.9969900136345794
block.1.attn,0.004603926663858112,8.812108789919275,0.08263090698403315,0.9970682751756091
block.6.attn,0.004688483025386294,7.137339216224403,0.08338625993627119,0.9968641026542261
block.7.attn,0.004712934663417509,6.6530366911207155,0.08360341750697073,0.9968821653008288
block.4.attn.softmax,0.004796324032465315,5.001381209181218,0.08433980237360243,0.9968762034643388
block.3.attn,0.004798390141259745,4.960458727627888,0.08435796591346345,0.9969150151801552
block.6.mlp,0.004816104708709636,4.609594309622445,0.08451353769474558,0.9969220052479218
embed,0.004836872207407718,4.198261864461559,0.08469555686602234,0.9969330591029184
block.5.attn.softmax,0.0048372327554875106,4.1911206518670445,0.0846987134773655,0.9968354291231228
block.0.mlp,0.004845493483604416,4.02750414972902,0.0847710042497348,0.9968721186772611
block.0.attn,0.00486707002290672,3.600147403577088,0.08495953337140626,0.9968600987183242
block.5.mlp,0.004884118419114488,3.262477537785288,0.08510820162662856,0.9968903590447643
block.2.attn,0.004885300282190087,3.2390689108823065,0.08511849828080978,0.9968502627478654
final,0.004903177603797845,2.8849808949516262,0.08527409784471546,0.9968365710486784
block.4.mlp,0.004919195682198201,2.567718067541126,0.08541327426606443,0.9968673736760522
block.3.mlp,0.004970175049463988,1.557992818725871,0.08585471751336758,0.9968132582837762
block.5.attn.q_pre,0.0049726055037058545,1.5098539118361831,0.08587570675989352,0.9967889229684438
block.2.mlp,0.00498019175934545,1.3595963807191225,0.08594118820411815,0.9967976460566691
block.1.mlp,0.004987111428590446,1.2225416245528669,0.08600087246926427,0.9967775238610479
block.4.attn.v,0.004996639358269361,1.0338262347446978,0.08608298606120403,0.9967404483948222
block.5.attn.k_post,0.004998810639444332,0.9908206514620518,0.08610168763767717,0.996764912024383
block.4.attn.k_pre,0.005000268133015352,0.9619527361155954,0.08611423897430073,0.996750260055237
block.4.attn.qkv_weight,0.005007708335282914,0.8145880180193038,0.08617828245950661,0.99675563367723
block.4.attn.k_post,0.005022472281284584,0.5221652232774735,0.08630522626469277,0.9967488598921432
block.5.attn.v,0.005036457154695451,0.24517316665157174,0.08642529946528525,0.9967348411243084
block.5.attn.output,0.005037806481109982,0.21844766920586664,0.08643687586971198,0.9967367171215502
block.4.attn.output,0.005044293978810401,0.08995273917679737,0.08649251304241673,0.9967316932526749
block.5.attn.k_pre,0.005044974082203527,0.07648223915540783,0.086498343577793,0.9967292636913485
block.5.attn.proj_weight,0.005045339586323015,0.06924286452627997,0.08650147688708092,0.9967299493374954
block.4.attn.q_post,0.005045444077991025,0.06717324536191356,0.08650237262825473,0.9967300637100505
block.5.attn.qkv_weight,0.0050462424376718435,0.05136049658541417,0.08650921615618248,0.9967237646631669
block.4.attn.proj_weight,0.0050514137275904075,-0.05106490176240194,0.08655353127669722,0.9967307079995115
block.4.attn.q_pre,0.005051703545668123,-0.05680519722559848,0.08655601418738479,0.996732147574783
block.5.attn.q_post,0.005054224628901365,-0.10673915151926264,0.08657760964479379,0.9967227003857931
