weight,values,reference_rms,error_rms,relative_rmse,mean_absolute_error,cosine,clipped_percent,mean_grid_utilization_percent,maximum_grid_magnitude
final.weight,4096,0.1159291587785727,0.0012912764505148301,0.011138495820375936,0.001140158473713626,0.9999380029020428,0.0,0.0,0.0
block.2.mlp.fc2_weight,65536,0.08734432507773537,0.0009126594262637115,0.01044898366838894,0.0007624016887604456,0.999945408359826,0.0,0.0,0.0
block.5.mlp.fc2_weight,65536,0.08782866857008162,0.0008272625971643154,0.009419049732083929,0.0007105545740905533,0.999955640747679,0.0,0.0,0.0
block.4.mlp.fc2_weight,65536,0.08634347840530433,0.0007981086829873129,0.009243415921245567,0.0006860489201640334,0.9999572813868138,0.0,0.0,0.0
block.1.mlp.fc2_weight,65536,0.0861694975433821,0.0007962444025796941,0.009240443837784064,0.0006746318917303166,0.9999573075110939,0.0,0.0,0.0
block.0.mlp.fc2_weight,65536,0.08578835971210969,0.0007522061259415017,0.008768160720938951,0.000645814072413272,0.9999615597268684,0.0,0.0,0.0
block.7.mlp.fc2_weight,65536,0.08713708034368133,0.0007635003929973404,0.008762060766621784,0.0006544969753163824,0.9999616124101248,0.0,0.0,0.0
block.3.mlp.fc2_weight,65536,0.08677225923124057,0.0007575926283122325,0.008730815989166694,0.0006545220534012915,0.9999618880799522,0.0,0.0,0.0
block.6.mlp.fc2_weight,65536,0.08551236082237644,0.0007460044498990989,0.008723937015944112,0.0006420716713035146,0.999961947304346,0.0,0.0,0.0
block.0.attn.qkv_weight,49152,0.10449653914436108,0.0008051469461147453,0.007705010641571982,0.0006617517825240962,0.9999703161295155,0.0,0.0,0.0
block.7.attn.qkv_weight,49152,0.11979871752441171,0.0009175746933492333,0.007659303140388432,0.0007249839512857454,0.999970667233302,0.0,0.0,0.0
block.2.attn.qkv_weight,49152,0.10871193193762307,0.0008280415462617681,0.007616841422125432,0.0006804617213065587,0.99997099264949,0.0,0.0,0.0
block.5.attn.proj_weight,16384,0.10881932146146497,0.0008145315911751181,0.007485174325990992,0.0007032021196708427,0.999971986254132,0.0,0.0,0.0
block.5.mlp.fc1_weight,65536,0.10688686128012934,0.0007887490655874065,0.007379289242297527,0.0006695996134079406,0.999972778288824,0.0,0.0,0.0
block.6.attn.qkv_weight,49152,0.11886650084315838,0.0008771411652619197,0.007379212469788165,0.0007179637650030374,0.9999727789749058,0.0,0.0,0.0
block.0.mlp.fc1_weight,65536,0.10153203678398438,0.0007471317608082671,0.007358581433738355,0.0006319008164638873,0.9999729252731346,0.0,0.0,0.0
block.5.attn.qkv_weight,49152,0.11343871564291363,0.000833049646778326,0.007343609649113349,0.0006850580578261391,0.999973038867895,0.0,0.0,0.0
block.6.mlp.fc1_weight,65536,0.10836861836835784,0.0007938111713490955,0.0073251018911290044,0.0006803444307304195,0.9999731722576873,0.0,0.0,0.0
block.2.mlp.fc1_weight,65536,0.10347116223521903,0.0007525753801131845,0.007273286236046805,0.0006370566461015416,0.9999735499811893,0.0,0.0,0.0
block.7.mlp.fc1_weight,65536,0.10995746514738342,0.0007985256947948402,0.007262132623051307,0.0006835197250859206,0.9999736346940363,0.0,0.0,0.0
block.6.attn.proj_weight,16384,0.11140996650715597,0.0008062214736621317,0.007236529180810295,0.0006975872555068374,0.9999738204959325,0.0,0.0,0.0
block.3.mlp.fc1_weight,65536,0.10345754323197348,0.0007477586081299163,0.007227685722763442,0.0006336846815446252,0.9999738803159637,0.0,0.0,0.0
block.1.mlp.fc1_weight,65536,0.10267578833223781,0.0007408948905070446,0.007215867562756475,0.0006297503594771044,0.9999739731716375,0.0,0.0,0.0
block.4.mlp.fc1_weight,65536,0.10451322370737841,0.0007519371210907231,0.007194660105366533,0.0006436815419134864,0.9999741246990528,0.0,0.0,0.0
block.3.attn.qkv_weight,49152,0.11131115300069257,0.000796699032862185,0.007157405267891062,0.0006479203843592721,0.9999743870104401,0.0,0.0,0.0
block.3.attn.proj_weight,16384,0.10568794261129726,0.0007558152982034877,0.007151386236964146,0.0006538022347543082,0.9999744311422356,0.0,0.0,0.0
block.2.attn.proj_weight,16384,0.10241453718176521,0.000732022273255661,0.007147640299896767,0.000633397591586142,0.9999744556627371,0.0,0.0,0.0
embed.weight,4096,0.15297142374961767,0.001090224162951599,0.007126979250294935,0.0006678295293780501,0.9999746177826754,0.0,0.0,0.0
block.1.attn.qkv_weight,49152,0.10756196185538978,0.000756219523679965,0.007030547887334503,0.000639360601153452,0.9999752862780739,0.0,0.0,0.0
block.0.attn.proj_weight,16384,0.09395856314217942,0.0006596682501494304,0.007020842253102692,0.000565492008567231,0.9999753553675342,0.0,0.0,0.0
block.7.attn.proj_weight,16384,0.11754164482548096,0.000822717242176922,0.006999368125215918,0.0007087578133431575,0.9999755093010795,0.0,0.0,0.0
block.4.attn.qkv_weight,49152,0.10511811555682135,0.0007233601036242395,0.006881402884674326,0.0006174330085065594,0.9999763231999979,0.0,0.0,0.0
block.4.attn.proj_weight,16384,0.10337530905545185,0.0007043964125306718,0.006813971527309529,0.0006070067848630567,0.9999767859784745,0.0,0.0,0.0
block.1.attn.proj_weight,16384,0.10197998735957345,0.0006817783661223852,0.006685413322503052,0.0005865304029882279,0.9999776562312664,0.0,0.0,0.0
